Обозначение маршрута,Общая длина маршрута,,,,,,
Route Designator,Total route length,,,,,,
"",Географические координаты,,,,,,
"",Geographical coordinates,,,,,,
"",Верхняя,,,,,,
"",граница,,,,,,
"",Нижняя грани-,,,,,Примечания,Расстояние
Название и назначение,"МПУ, ца",,,,,Диспетчерский орган,DIST (KM)
основных точек,град,,,,,Частота,
Significant Points Name,MAG Upper limit,,,,,Remarks,
and Reporting,TRACK Lower limit,,,,,Controlling ATS unit,
Requirements,,,,,,Frequency,
"",Абсолютная,,,,,,
"",Высота/ALT,,,,,,
"",M/FT,,,,,,
"",,,,,,,Ширина
1,2 3 4,5,6,7,8,9,Width (KM)
?KR 213,621.6 км,,,,,,,"наивысшей точки рельефа, м"
"",,,,,,,,ALT of the highest point
??AGLIV,555103N 0354333E,,,,,,,"of relief, M"
?,283°  42.6 600/2000,2,283,72,333,Tver LCU,,
"",,,,,,,,Истинная высота
"FREQ: 132.000  MHz, 3920 kHz ?",102° 450/1500,,,,,,,"наивысшего препятствия, м"
??AGPES,560000N 0350555E,,,,,,,Absolute ALT of the highest ob-
?,352°  39.8 600/2000,2,246,80,317,Tver LCU,,"stacle, M"
"FREQ: 132.000  MHz, 3920 kHz ?",172° 450/1500,,,,,,,
"",,,,,,,,Абсолютная высота
??ODSOD,562126N 0350721E,,,,,,,"наивысшего препятствия, м"
?,317°  21.2 600/2000,2,203,,203,Tver LCU,,"ALT of the highest obstacle, M"
?,137° 450/1500,,,,,"FREQ: 132.000  MHz, 3920 kHz",,
??Staritsa NDB (AJ),563103N 0345611E,,,,,,,
?,007°  34.5 450/1500,2,199,77,270,Tver LCU,,
?,186° 450/1500,,,,,"FREQ: 132.000  MHz, 3920 kHz",,
??RIRKE,564849N 0350600E,,,,,,,
?,007°  21.4 450/1500,2,171,90,256,Tver LCU,,
"FREQ: 132.000  MHz, 3920 kHz ?",186° 450/1500,,,,,,,
??SIGZU,565951N 0351211E,,,,,,,
?,015°  62.1 450/1500,2,204,74,262,Tver LCU,,
"FREQ: 132.000  MHz, 3920 kHz ?",195° 450/1500,,,,,,,
??ASMAM,573000N 0353900E,,,,,,,
?,290°  47.0 450/1500,2,197,35,232,Tver LCU,,
"FREQ: 132.000  MHz, 3920 kHz ?",109° 400/1400,,,,,,,
??Pochinok NDB (DB),574247N 0345819E,,,,,,,
?,300°  58.9 400/1400,2,182,70,228,Tver LCU,,
"FREQ: 132.000  MHz, 3920 kHz ?",120° 400/1400,,,,,,,
??NINGO,580336N 0341322E,,,,,,,
?,270°  43.0 800/2700,4,220,75,264,Sankt-Peterburg  LCU,,
(Sector 2) 126.000  MHz. ?,089° 400/1400,,,,,,,
??SOZIN,580744N 0333021E,,,,,,,
?,292°  71.5 800/2700,4,239,80,239,Sankt-Peterburg  LCU,,
FREQ: (Sector 2) 126.000  MHz ?,111° 350/1200,,,,,,,
??USOMA,582811N 0322822E,,,,,,,
?,316°  86.4 800/2700,4,71,70,108,Sankt-Peterburg  LCU,,
FREQ: (Sector 2) 126.000  MHz ?,136° 250/900,,,,,,,
??OKUDI,590659N 0313852E,,,,,,,
?,309°  17.7 600/2000,4,40,75,112,Sankt-Peterburg  LCU,,
FREQ: (Sector 2) 126.000  MHz ?,129° 250/900,,,,,,,
1,2,3,4,5,6,7,8,9
KR 213,,,,,
"",,,,,
(continued),,,,,
??BIBID 591411N 0312646E,,,,,
?  330°  43.7 600/2000,4,90,70,156,Sankt-Peterburg  LCU
FREQ: (Sector 2) 126.000 MHz ?149° 300/1000,,,,,
??SAPKI 593617N 0311051E,,,,,
?  295°  31.8 300/1000,4,91,70,156,Sankt-Peterburg  LCU
? 115° 300/1000,,,,,FREQ: (Sector 2) 126.000 MHz
??GRAMU 594611N 0304312E,,,,,
?KR 358 101.7 км,,,,
??DUKAR 643706N 1794317E,,,,
?  275°  18.6 3050 /10100,4,0,0,Anadyr LCU
095° 300 /1000,,,,"FREQ: 131.000 MHz,"
?,,,,"4720HJ, 2645HN kHz"
??SONIR 643834N 1792015E,,,,
?  272°  77.9 3050 /10100,4,350,350,Anadyr APP
FREQ: 124.000 MHz ?091° 750 /2500,,,,
??Anadyr NDB (KB) 644123N 1774250E,,,,
?  014°  5.2 3050 /10100,4,60,60,Anadyr APP
? 195° 300 /1000,,,,FREQ: 124.000 MHz
??LUNAD 644406N 1774429E,,,,
?KR 365,42.3 км,,,,
??INGUS,640523N 1724018W,,,,
"",312°  19.3 3050,4,0,0,Anadyr LCU
?,,,,,
"",/10100,,,,"FREQ: 131.000 MHZ,"
?,132° 300 /1000,,,,"4720HJ,  2645HN kHz"
??DEPUP,641317N 1725547W,,,,
"",312°  23.0 3050,4,570,570,Provideniya TWR
?,,,,,
"",/10100,,,,FREQ: 119.300 MHz
?,132° 900 /3000,,,,
Provideniya Bay,642237N 1731431W,,,,
??,,,,,
NDB (BC),,,,,
"",2,,3,,4,,5,,6,,7,,8,
"",,,,,,,,,,,,,,
"",,,,KR 475,,,,,,,,,,,,,
"",,,28.6 км,,,,,,,,,,,,,,
"",,,,,,,,,,,,,,,,,
"",,,,,,,,,,,,,,,,,
"",,,,343°,,13.1,,600 /2000,,2,,0,,,,0,
"",,,,163°,,,300 /1000,,,,,,,,,,
"",,,,,,,,,,,,,,,,,
"",,,,046°,,67.3,,600 /2000,,2,,0,,,,0,
"",,,,226°,,,300 /1000,,,,,,,,,,
"",,,,,,,,,,,,,,,,,
"",,,,024°,,45.3,,600 /2000,,2,,0,,,,0,
"",,,,204°,,,300 /1000,,,,,,,,,,
"",,,,,,,,,,,,,,,,,
"",,,,024°,,2.9,,600 /2000,,2,,60,,,,60,
"",,,,204°,,,300 /1000,,,,,,,,,,
"",,,,,,,,,,,,,,,,,
"",,,,,,,,,,,,,,,,,
"",,
"",,,,,,,,,,,,,,,,,
"",,,,KR 476,,,,,,,,,,,,,
"",,,9.0 км,,,,,,,,,,,,,,
"",,,,,,,,,,,,,,,,,
"",,,,,,,,,,,,,,,,,
"",,,,045°,,19.0,,600 /2000,,2,,0,,,,0,
"",,,,226°,,,300 /1000,,,,,,,,,,
"",,,,,,,,,,,,,,,,,
"",,,,,,,,,,,,,,,,,
"",,,,,,,,,,,,,,,,,,
"",,
1,2,3,4,5,6,7,8,9
?KR 477 284.6 км,,,,,
??LUMIN 454500N 1415018E,,,,,
?  031°  106.8 900 /3000,2,452,,452,Yuzhno-Sakhalinsk LCU
"",,,,,(1)
211° 600 /2000,,,,,"FREQ:  134.900 MHz,"
?,,,,,
"",,,,,"5552HJ, 2902 HN, 6529 R kHz"
??KEDUD 463855N 1421935E,,,,,
?  077°  17.1 900 /3000,2,200,,200,Yuzhno-Sakhalinsk TWR
? 257° 450 /1500,,,,,FREQ:  120.600 MHz
??LAPGI 464237N 1423153E,,,,,
?  046°  24.4 600 /2000,2,42,24,42,Yuzhno-Sakhalinsk TWR
? 226° 300 /1000,,,,,FREQ: 120.600 MHz
??MIMNA 465319N 1424303E,,,,,
?  191°  15.0 600 /2000,2,42,24,42,Yuzhno-Sakhalinsk TWR
? 011° 300 /1000,,,,,FREQ: 120.600 MHz
??OBATI 464514N 1424251E,,,,,
?  157°  27.5 600 /2000,2,165,147,165,Yuzhno-Sakhalinsk TWR
FREQ: 120.600 MHz ?338° 300 /1000,,,,,
??PESUM 463245N 1425430E,,,,,
?  158°  93.8 600 /2000,2,0,,0,Yuzhno-Sakhalinsk TWR
? 338° 300 /1000,,,,,FREQ: 120.600 MHz
??ARGOV 455000N 1433335E,,,,,
?KR 481,105.4 км,,,,
??DENED,521739N 1590251E,,,,
?,344°  8.9 900 /3000,2,50,50,Petropavlovsk-Kamchatsky LCU
"",164° 350 /1200,,,,сектор Запад
"",,,,,Sector West
?,,,,,"FREQ: 134.300, 129.000 R MHz"
"",,,,,"5632 HJ, 4683 HJ,"
"",,,,,"3407 HN, 3401 R kHz"
??RINOT,522205N 1585954E,,,,
?,344°  30.1 900 /3000,2,50,50,Petropavlovsk-Kamchatsky LCU
"",164° 350 /1200,,,,сектор Запад
"",,,,,Sector West
?,,,,,"FREQ: 134.300, 129.000 R MHz"
"",,,,,"5632 HJ, 4683 HJ,"
"",,,,,"3407 HN, 3401 R kHz"
??AMSIS,523707N 1584950E,,,,
?,344°  22.5 900 /3000,2,50,50,Petropavlovsk-Kamchatsky LCU
"",164° 350 /1200,,,,сектор Восток
"",,,,,Sector East
?,,,,,"FREQ: 131.800, 129.000 R MHz"
"",,,,,"5592HJ, 5488HJ,"
"",,,,,"3476HN, 3420 HN, 4696 R kHz"
??KELOL,524821N 1584214E,,,,
?,344°  43.9 900 /3000,2,203,203,Petropavlovsk-Kamchatsky LCU
"",164° 350 /1200,,,,сектор Восток
"",,,,,Sector East
?,,,,,"FREQ: 131.800, 129.000 R MHz"
"",,,,,"5592 HJ, 5488 HJ,"
"",,,,,"3476 HN, 3420 HN, 4696 R kHz"
??PETIN,531012N 1582713E,,,,
"",2,,3,,4,,5,,6,,7,,8,
"",,,,,,,,,,,,,,
"",,,,,,,,,,,,,,,,,,,,
"",,,,KR 488,,,,,,,,,,,,,,,,
"",,,34.7 км,,,,,,,,,,,,,,,,,
"",,,,,,,,,,,,,,,,,,,,
"",,,,,,,,,,,,,,,,,,,,
"",,,,,,,,,,,,,,,,,,,,
"",,,,,,,,,,,,,,,,,,,,
"",,,,160°,,14.4,,450/1500,,2,,214,,80,,267,,,,
"",,,,,,,,,,,,,,,,,,,,
"",340°,,,400/1400,,,,,,,,,,,,,,,,
"",,,,,,,,,,,,,,,,,,,,
"",,,,,,,,,,,,,,,,,,,,
"",,,,,,,,,,,,,,,,,,,,
"",,,,160°,,7.2,,450/1500,,2,,200,,114,,252,,,,
"",,,,,,,,,,,,,,,,,,,,
"",,,,340°,,,350/1200,,,,,,,,,,,,,
"",,,,,,,,,,,,,,,,,,,,
"",,,,,,,,,,,,,,,,,,,,
"",,,,,,,,,,,,,,,,,,,,
"",,,,159°,,6.0,,450/1500,,2,,180,,,,180,,,,
"",,,,,,,,,,,,,,,,,,,,
"",,,,339°,,,350/1200,,,,,,,,,,,,,
"",,,,,,,,,,,,,,,,,,,,
"",,,,,,,,,,,,,,,,,,,,
"",,,,,,,,,,,,,,,,,,,,
"",,,,169°,,22.8,,450/1500,,2,,212,,98,,251,,,,
"",,,,,,,,,,,,,,,,,,,,
"",,,,349°,,,350/1200,,,,,,,,,,,,,
"",,,,,,,,,,,,,,,,,,,,
"",,,,,,,,,,,,,,,,,,,,
"",,,,,,,,,,,,,,,,,,,,
"",,,,115°,,27.7,,450/1500,,2,,212,,,,212,,,,
"",,,,,,,,,,,,,,,,,,,,
"",,,,295°,,,350/1200,,,,,,,,,,,,,
"",,,,,,,,,,,,,,,,,,,,
"",,,,,,,,,,,,,,,,,,,,
"",,,,,,,,,,,,,,,,,,,,
"",,,,078°,,12.1,,450/1500,,2,,189,,,,189,,,,
"",,,,,,,,,,,,,,,,,,,,
"",,,,258°,,,350/1200,,,,,,,,,,,,,
"",,,,,,,,,,,,,,,,,,,,
"",,,,,,,,,,,,,,,,,,,,
"",,,,,,,,,,,,,,,,,,,,
"",,,,078°,,7.9,,450/1500,,2,,179,,72,,236,,,,
"",,,,,,,,,,,,,,,,,,,,
"",,,,258°,,,350/1200,,,,,,,,,,,,,
"",,,,,,,,,,,,,,,,,,,,
"",,,,,,,,,,,,,,,,,,,,
"",,,,,,,,,,,,,,,,,,,,
"",,,,121°,,8.5,,450/1500,,2,,189,,72,,289,,,,
"",,,,,,,,,,,,,,,,,,,,
"",,,,301°,,,350/1200,,,,,,,,,,,,,
"",,,,,,,,,,,,,,,,,,,,
"",,,,,,,,,,,,,,,,,,,,
"",,,,,,,,,,,,,,,,,,,,
"",,,,084°,,28.1,,450/1500,,2,,198,,90,,267,,,,
"",,,,,,,,,,,,,,,,,,,,
"",,,,264°,,,350/1200,,,,,,,,,,,,,
"",,,,,,,,,,,,,,,,,,,,
"",,,,,,,,,,,,,,,,,,,,
"",,,,,,,,,,,,,,,,,,,,
"",,,,,,,,,,,,,,,,,,,,
""
"",,
1,2,3,4,5,6,7,8,9
?KR 700,341.8 км,,,,,
??BATTE,545929N 0305705E,,,,,
?,137°  41.6 800/2700,2,203,,203,Kaluga LCU
?,317° 450/1500,,,,,"FREQ: 134.500 MHz, 3920 kHz"
??ABTOB,544100N 0311900E,,,,,
?,080°  14.0 800/2700,2,200,,200,Kaluga LCU
?,260° 450/1500,,,,,"FREQ: 134.500 MHz, 3920 kHz"
??POKKO,544113N 0313200E,,,,,
?,080°  88.1 800/2700,2,240,70,289,Kaluga LCU
?,261° 450/1500,,,,,"FREQ: 134.500 MHz, 3920 kHz"
??GUGGU,544200N 0325400E,,,,,
?,089°  26.1 800/2700,2,282,70,331,Kaluga LCU
?,269° 450/1500,,,,,"FREQ: 134.500 MHz, 3920 kHz"
??IPTET,544000N 0331800E,,,,,
?,080°  103.2 800/2700,2,221,70,252,Kaluga LCU
"",,,,,,"FREQ: 134.500 MHz, 3920 kHz"
?,261° 450/1500,,,,,
??TEKVE,544030N 0345400E,,,,,
?,081°  44.8 800/2700,2,200,70,257,Kaluga LCU
"",,,,,,"FREQ: 134.500 MHz, 3920 kHz"
?,261° 450/1500,,,,,
??BAMDO,544010N 0353542E,,,,,
?,098°  24.0 800/2700,2,233,75,267,Kaluga LCU
"",,,,,,"FREQ: 122.200 MHz, 3920 kHz"
?,278° 450/1500,,,,,
??DOSAB,543614N 0355655E,,,,,
"",2,,3,,4,,5,,6,,7,,8,
"",,,,,,,,,,,,,,
"",,,,,,,,,,,,,,,,
"",,,,R 702,,,,,,,,,,,,
"",,,02.4 км,,,,,,,,,,,,,
"",,,,,,,,,,,,,,,,
"",,,,,,,,,,,,,,,,
"",,,,,,,,,,,,,,,,
"",,,,,,,,,,,,,,,,
"",,,069°,,35.6,,650/2200,,2,,213,,60,,253,
"",,,,,,,,,,,,,,,,
"",,,249°,,,450/1500,,,,,,,,,,
"",,,,,,,,,,,,,,,,
"",,,,,,,,,,,,,,,,
"",,,,,,,,,,,,,,,,
"",,,069°,,29.5,,650/2200,,2,,231,,60,,282,
"",,,,,,,,,,,,,,,,
"",,,249°,,,450/1500,,,,,,,,,,
"",,,,,,,,,,,,,,,,
"",,,,,,,,,,,,,,,,
"",,,,,,,,,,,,,,,,
"",027°,,83.2,,650/2200,,2,,249,,80,,323,,,
"",,,,,,,,,,,,,,,,
"",,,207°,,,450/1500,,,,,,,,,,
"",,,,,,,,,,,,,,,,
"",,,,,,,,,,,,,,,,
"",,,,,,,,,,,,,,,,
"",,,016°,,30.6,,650/2200,,2,,247,,,,247,
"",,,,,,,,,,,,,,,,
"",,,196°,,,400/1400,,,,,,,,,,
"",,,,,,,,,,,,,,,,
"",,,,,,,,,,,,,,,,
"",,,,,,,,,,,,,,,,
"",,,033°,,49.9,,650/2200,,2,,253,,72,,250,
"",,,,,,,,,,,,,,,,
"",,,213°,,,400/1400,,,,,,,,,,
"",,,,,,,,,,,,,,,,
"",,,,,,,,,,,,,,,,
"",,,,,,,,,,,,,,,,
"",,,352°,,34.7,,650/2200,,2,,245,,72,,232,
"",,,,,,,,,,,,,,,,
"",,,172°,,,400/1400,,,,,,,,,,
"",,,,,,,,,,,,,,,,
"",,,,,,,,,,,,,,,,
"",,,,,,,,,,,,,,,,
"",,,352°,,32.4,,450/1500,,2,,179,,72,,252,
"",,,,,,,,,,,,,,,,
"",,,172°,,,350/1200,,,,,,,,,,
"",,,,,,,,,,,,,,,,
"",,,,,,,,,,,,,,,,
"",,,,,,,,,,,,,,,,
"",,,340°,,6.5,,450/1500,,2,,181,,72,,253,
"",,,,,,,,,,,,,,,,
"",,,160°,,,350/1200,,,,,,,,,,
"",,,,,,,,,,,,,,,,
"",,,,,,,,,,,,,,,,
"",,,,,,,,,,,,,,,,
"",,,,,,,,,,,,,,,,
""
"",,,,,,,,,,,,,,,,,,
"",,
1,2,3,4,5,6,7,8,9
?KR 708,367.6 км,,,,
??RONUM,520712N 0391309E,,,,
?,317°  35.8 800/2700  2,193,94,242,Voronezh LCU
?,137° 400/1400,,,,"FREQ: 134.500 MHz, 3920 kHz"
??Zadonsk NDB (TS),522321N 0385552E,,,,
?,340°  101.0 800/2700  2,239,100,300,Voronezh LCU
?,159° 400/1400,,,,"FREQ: 134.500 MHz, 3920 kHz"
??OSTEB,531651N 0383854E,,,,
?,339°  52.6 800/2700  2,245,80,321,Kaluga LCU
?,159° 400/1400,,,,"FREQ: 134.500 MHz, 3920 kHz"
Murаvlyanka NDB,534441N 0382946E,,,,
??,,,,,
(US),,,,,
?,016°  61.3 800/2700  2,214,125,284,Kaluga LCU
?,196° 400/1400,,,,"FREQ: 134.500 MHz, 3920 kHz"
Oktyabrskiy NDB,541425N 0385408E,,,,
??,,,,,
(FE),,,,,
?,329°  46.6 600/2000  2,187,125,284,Kaluga LCU
?,148° 400/1400,,,,"FREQ: 134.500 MHz, 3920 kHz"
??DODTE,543752N 0383836E,,,,
?,328°  27.1 600/2000  2,191,95,211,Kaluga LCU
?,148° 400/1400,,,,"FREQ: 122.20 MHz, 3920 kHz"
??IGGAP,545128N 0382926E,,,,
?,328°  35.3 450/1500  2,200,78,262,Kaluga LCU
?,148° 350/1200,,,,"FREQ: 122.20 MHz, 3920 kHz"
??Aksinyino NDB (АО),550910N 0381719E,,,,
?,304°  7.9 450/1500  2,175,72,252,Domodedovo TWR
"",FREQ: 127.300 MHz. 124° 350/1200,,,,
"",,,,,Диапазон разрешенных высот
"",,,,,по давлению QNH аэродрома
?,,,,,Москва/Домодедово.
"",,,,,Cleared altitude band based upon
"",,,,,Moscow/Domodedovo AD QNH.
??ALGOI,551211N 0381203E,,,,
?KR 712,7.7 км,,,,
??POSTO,541646N 0364811E,,,,
?,307°  7.7 600/2000,2,247,247,Kaluga LCU
?,127° 400/1400,,,,"FREQ: 122.20 MHz, 3920 kHz"
??IBGEG,541949N 0364319E,,,,
?KR 719,43.4 км,,,,
??NOTAR,574948N 0273342E,,,,
?,117°  2.6 750/2500,2,90,175,Pskov LCU
"",,,,,FREQ: 134.500 MHz
?,297° 300/1000,,,,
??ORTOK,574859N 0273552E,,,,
?,083°  14.1 750/2500,2,100,175,Pskov LCU
"",,,,,FREQ: 134.500 MHz
?,263° 300/1000,,,,
??GEGRO,574848N 0275003E,,,,
?,049°  26.7 750/2500,4,80,80,Pskov LCU
?,229° 300/1000,,,,FREQ: 134.500 MHz
??ERIPI,575629N 0281252E,,,,
1,2,3,4,5,6,7,8,9
??ASKIL,543012N 0310505E,,,,
?,046°  35.5 800/2700,2,200,200,Kaluga LCU
?,226° 400/1400,,,,"FREQ: 134.500 MHz, 3920 kHz"
??POKKO,544113N 0313200E,,,,
Provideniya Bay,642237N 1731431W,,,,,
??,,,,,,
NDB (BC),,,,,,
?,023°  54.1 3050 /10100,4,625,0,625,Provideniya TWR
"",,,,,,FREQ: 119.300 MHz
?,203° 1050 /3500,,,,,
??DEMAT,644753N 1724046W,,,,,
?,022°  90.3 3050 /10100,4,385,0,385,Anadyr LCU
"",,,,,,FREQ: 131.000 MHz
?,203° 750 /2500,,,,,
??KADAT,652959N 1714259W,,,,,
?,066°  34.1 3050 /10100,4,500,0,500,Anadyr LCU
"",,,,,,FREQ: 131.000 MHz
?,246° 900 /3000,,,,,
"Lavrentiya, zaliv",653503N 1710027W,,,,,
??,,,,,,
NDB (LA),,,,,,
?,029°  37.3 3050 /10100,4,604,0,604,Anadyr LCU
"",,,,,,FREQ: 131.000 MHz
?,209° 1050 /3500,,,,,
??DELAK,655059N 1703047W,,,,,
?,094°  72.4 3050 /10100,4,50,0,50,Anadyr LCU
"",,,,,,FREQ: 131.000 MHz
?,275° 450 /1500,,,,,
??BATNI,654211N 1685824W,,,,,
??DEKAK,590327N 1480925E,,,
?,050°  89.1 1800 /6000  2,880,880,Magadan LCU
"","FREQ: 123.250 MHz,  231° 1200 /4000",,,
?,,,,"5720 HJ, 3928 HN kHz"
??BANOT,594037N 1490849E,,,
?,094°  60.3 1800 /6000  2,50,50,Magadan LCU
"","FREQ: 123.250 MHz,  275° 450 /1500",,,
?,,,,"5720 HJ, 3928 HN kHz"
??NOSSA,594432N 1501235E,,,
Velikiye Luki,562246N 0303624E,,,,,
??,,,,,,
VORDME (WKL),,,,,,
?,101°  28.8 600/2000,4,191,80,224,Pskov LCU
?,281° 400/1400,,,,,FREQ: 134.500 MHz
??AMDOR,561722N 0310238E,,,,,
?,102°  127.6 800/2700,4,208,120,320,Tver LCU
?,284° 450/1500,,,,,"FREQ: 132.000 MHz, 3920 kHz"
??Bely NDB (TU),555115N 0325621E,,,,,
"",2,,3,,4,,5,,6,,7,,8,
"",,,,,,,,,,,,,,
"",,,,,,,,,,,,,,
"",,,,,,,,,,,,,,
"",,,,R 832,,,,,,,,,,
"",,,30.7 км,,,,,,,,,,,
"",,,,,,,,,,,,,,
"",,,,,,,,,,,,,,
"",,,,,,,,,,,,,,
"",,,,,,,,,,,,,,
"",062°,,68.0,,300/1000,,4,,61,,70,,121,
"",,,,,,,,,,,,,,
"",243°,,,300/1000,,,,,,,,,,
"",,,,,,,,,,,,,,
"",,,,,,,,,,,,,,
"",,,,,,,,,,,,,,
"",048°,,41.5,,600/2000,,4,,61,,70,,106,
"",,,,,,,,,,,,,,
"",228°,,,300/1000,,,,,,,,,,
"",,,,,,,,,,,,,,
"",,,,,,,,,,,,,,
"",,,,,,,,,,,,,,
"",033°,,49.4,,600/2000,,4,,51,,80,,99,
"",,,,,,,,,,,,,,
"",213°,,,300/1000,,,,,,,,,,
"",,,,,,,,,,,,,,
"",,,,,,,,,,,,,,
"",,,,,,,,,,,,,,
"",024°,,66.7,,600/2000,,4,,70,,80,,132,
"",,,,,,,,,,,,,,
"",204°,,,300/1000,,,,,,,,,,
"",,,,,,,,,,,,,,
"",,,,,,,,,,,,,,
"",,,,,,,,,,,,,,
"",019°,,4.3,,600/2000,,4,,90,,,,90,
"",,,,,,,,,,,,,,
"",199°,,,300/1000,,,,,,,,,,
"",,,,,,,,,,,,,,
"",,,,,,,,,,,,,,
"",,,,,,,,,,,,,,
"",004°,,74.9,,600/2000,,4,,251,,20,,270,
"",,,,,,,,,,,,,,
"",184°,,,400/1400,,,,,,,,,,
"",,,,,,,,,,,,,,
"",,,,,,,,,,,,,,
"",,,,,,,,,,,,,,
"",358°,,25.9,,600/2000,,4,,230,,200,,325,
"",,,,,,,,,,,,,,
"",178°,,,450/1500,,,,,,,,,,
"",,,,,,,,,,,,,,
"",,,,,,,,,,,,,,
"",,,,,,,,,,,,,,
""
"",,,,,,,,,,,,,,,,,,
"",,
1,2,3,4,5,6,7,8,9
?KR 835,580.4 км,,,,,
??OMOGO,595035N 0303109E,,,,,
?,079°  2.5 300/1000,2,13,74,86,Sankt-Peterburg  LCU
"",,,,,,FREQ: (Sector 2) 126.000  MHz
?,259° 300/1000,,,,,
??NATAB,595036N 0303352E,,,,,
?,123°  12.0 300/1000,2,14,48,60,Sankt-Peterburg  LCU
?,303° 300/1000,,,,,FREQ: (Sector 2) 126.000  MHz
??GRAMU,594611N 0304312E,,,,,
?,191°  8.3 300/1000,4,43,38,92,Sankt-Peterburg  LCU
?,011° 300/1000,,,,,FREQ: (Sector 2) 126.000  MHz
??REDBI,594200N 0303958E,,,,,
?,255°  18.6 300/1000,4,111,,127,Sankt-Peterburg  LCU
?,074° 300/1000,,,,,FREQ: (Sector 2) 126.000  MHz
??EPOSO,594105N 0302015E,,,,,
?,246°  24.4 300/1000,4,161,70,161,Sankt-Peterburg  LCU
?,066° 300/1000,,,,,FREQ: (Sector 2) 126.000  MHz
??DERED,593759N 0295503E,,,,,
?,209°  11.0 300/1000,4,130,60,190,Sankt-Peterburg  LCU
?,029° 300/1000,,,,,FREQ: (Sector 2) 126.000  MHz
??LONPI,593320N 0294744E,,,,,
?,208°  15.0 300/1000,4,165,,165,Sankt-Peterburg  LCU
"",,,,,,FREQ: (Sector 2) 126.000  MHz
?,028° 300/1000,,,,,
??BAMAD,592659N 0293751E,,,,,
?,201°  58.2 600/2000,4,179,70,183,Sankt-Peterburg  LCU
"",,,,,,FREQ: (Sector 2) 126.000  MHz
?,021° 300/1000,,,,,
??OGINO,585959N 0290652E,,,,,
?,201°  108.1 600/2000,4,186,119,194,Sankt-Peterburg  LCU
"",,,,,,FREQ: (Sector 2) 126.000  MHz
?,021° 300/1000,,,,,
??ESISA,580929N 0281122E,,,,,
?,167°  5.8 600/2000,4,123,,123,Sankt-Peterburg  LCU
"",,,,,,FREQ: (Sector 2) 126.000  MHz
?,347° 300/1000,,,,,
??MISGU,580623N 0281146E,,,,,
?,168°  18.4 600/2000,2,109,70,128,Pskov LCU
"",,,,,,FREQ: 134.500
?,348° 300/1000,,,,,
??ERIPI,575629N 0281252E,,,,,
?,140°  20.5 750/2500,2,104,392,438,Pskov LCU
"",,,,,,FREQ: 134.500
?,320° 550/1900,,,,,
??OSKOP,574703N 0282343E,,,,,
?,145°  19.7 600/2000,4,96,,96,Pskov LCU
"",,,,,,FREQ: 134.500
?,250/900,,,,,
??ERGET,573729N 0283222E,,,,,
?,093°  10.2 600/2000,4,86,,86,Pskov LCU
"",,,,,,FREQ: 134.500
?,250/900,,,,,
??OGNOT,573623N 0284222E,,,,,
?,093°  14.3 600/2000,4,114,,114,Pskov LCU
"",,,,,,FREQ: 134.500
?,250/900,,,,,
??OLASU,573447N 0285622E,,,,,
?,129°  111.3 600/2000,4,287,80,287,Pskov LCU
"",,,,,,FREQ: 134.500
?,310° 400/1400,,,,,
??LOKNU,564941N 0300910E,,,,,
?,142°  57.2 600/2000,4,165,,165,Pskov LCU
"",,,,,,FREQ: 134.500
?,322° 400/1400,,,,,
1,2,3,4,5,6,7,8,9
KR 835,,,,,,
"",,,,,,
(continued),,,,,,
Velikiye Luki,562246N 0303624E,,,,,
??,,,,,,
VOR/DME (WKL),,,,,,
?,177°  28.0 600/2000,4,213,,213,Pskov LCU
?,357° 350/1200,,,,,FREQ: 134.500 MHz
??SUDER,560747N 0303322E,,,,,
?,177°  36.9 600/2000,4,226,44,226,Pskov LCU
?,358° 350/1200,,,,,FREQ: 134.500 MHz
??OLAGO,554800N 0302923E,,,,,
?KR 836,44.6 км,,,,,
??OLASU,573447N 0285622E,,,,,
?,323°  5.3 600/2000,4,108,,108,Pskov LCU
"",,,,,,FREQ: 134.500 MHz
?,250/900,,,,,
??NULBA,573717N 0285352E,,,,,
?,323°  17.0 600/2000,4,109,70,133,Pskov LCU
?,250/900,,,,,FREQ: 134.500 MHz
??REMTO,574523N 0284558E,,,,,
?,269°  22.3 600/2000,4,101,68,115,Pskov LCU
?,250/900,,,,,FREQ: 134.500 MHz
??OSKOP,574703N 0282343E,,,,,
?KR 837,158.5 км,,,,,
??BULIL,595300N 0301042E,,,,,
?,300°  20.4 300/1000,4,10,50,57,Sankt-Peterburg  LCU
?,119° 300/1000,,,,,FREQ: (Sector 1) 132.000  MHz
??POGUD,600000N 0295352E,,,,,
?,335°  30.7 300/1000,4,128,79,128,Sankt-Peterburg  LCU
?,155° 300/1000,,,,,FREQ: (Sector 1) 132.000  MHz
??LUNOK,601559N 0294527E,,,,,
?,314°  17.4 600/2000,4,150,72,158,Sankt-Peterburg  LCU
?,134° 300/1000,,,,,FREQ: (Sector 1) 132.000  MHz
??KEBUL,602335N 0293427E,,,,,
?,314°  36.3 600/2000,4,144,72,152,Sankt-Peterburg  LCU
?,134° 300/1000,,,,,FREQ: (Sector 1) 132.000  MHz
??VEKIL,603923N 0291103E,,,,,
?,307°  21.7 600/2000,4,90,90,103,Sankt-Peterburg  LCU
?,127° 250/900,,,,,FREQ: (Sector 1) 132.000  MHz
??ARDIG,604800N 0285452E,,,,,
?,272°  32.0 600/2000,4,123,108,157,Sankt-Peterburg  LCU
?,092° 300/1000,,,,,FREQ: (Sector 1) 132.000  MHz
??RATLA,605130N 0282018E,,,,,
1,2,3,4,5,6,7,8,9
?KR 838,80.7 км,,,,,
??NATAB,595036N 0303352E,,,,,
?,336°  15.7 300/1000,2,66,,136,Sankt-Peterburg  LCU
"",,,,,,FREQ: (Sector 1) 132.000 MHz
?,156° 300/1000,,,,,
??SEGON,595848N 0302952E,,,,,
?,323°  8.1 300/1000,2,60,,118,Sankt-Peterburg  LCU
?,143° 300/1000,,,,,FREQ: (Sector 1) 132.000 MHz
??URINU,600242N 0302558E,,,,,
?,350°  18.7 300/1000,4,124,50,124,Sankt-Peterburg  LCU
"",,,,,,FREQ: (Sector 1) 132.000 MHz
?,170° 300/1000,,,,,
??ELKIP,601245N 0302616E,,,,,
?,269°  38.2 300/1000,4,166,,166,Sankt-Peterburg  LCU
"",,,,,,FREQ: (Sector 1) 132.000 MHz
?,089° 300/1000,,,,,
??LUNOK,601559N 0294527E,,,,,
?KR 839,97.2 км,,,,,
??RANVA,592724N 0280606E,,,,,
?,073°  62.1 600/2000,4,159,18,159,Sankt-Peterburg  LCU
"",,,,,,FREQ: (Sector 2) 126.000 MHz
?,254° 300/1000,,,,,
??MEDOB,593127N 0291123E,,,,,
?,063°  16.2 600/2000,4,167,,167,Sankt-Peterburg  LCU
"",,,,,,FREQ: (Sector 2) 126.000 MHz
?,243° 300/1000,,,,,
??GORUG,593406N 0292747E,,,,,
?,084°  18.9 300/1000,4,150,,150,Sankt-Peterburg  LCU
"",,,,,,FREQ: (Sector 2) 126.000 MHz
?,264° 300/1000,,,,,
??LONPI,593320N 0294744E,,,,,
?,083°,13.6,650/2200,2,175,175,Voronezh LCU
"",,,,,,,"FREQ: 134.500 MHz, 3920 kHz"
?,263°,,400/1400,,,,
?,192°,37.0,650/2200,2,152,152,Voronezh LCU
?,012°,,400/1400,,,,"FREQ: 134.500 MHz, 3920 kHz"
?,194°,70.3,650/2200,2,191,99,168,Voronezh LCU
?,014°,,400/1400,,,,,"FREQ: 134.500 MHz, 3920 kHz"
?,172°,46.2,650/2200,2,178,80,180,Voronezh LCU
"",,,,,,,,"FREQ: 134.500 MHz, 3920 kHz"
?,352°,,400/1400,,,,,
?,167°,33.4,650/2200,2,178,178,Voronezh LCU
?,347°,,400/1400,,,,"FREQ: 134.500 MHz, 3920 kHz"
?,189°,17.4,650/2200,2,224,224,Voronezh LCU
?,009°,,400/1400,,,,"FREQ: 134.500 MHz, 3920 kHz"
"",2,,3,,4,,5,,6,,7,,8,
"",,,,,,,,,,,,,,
"",,,,,,,,,,,,,,
"",,,,R 842,,,,,,,,,,
"",,,88.9 км,,,,,,,,,,,
"",,,,,,,,,,,,,,
"",,,,,,,,,,,,,,
"",,,,,,,,,,,,,,
"",,,,,,,,,,,,,,
"",033°,,26.9,,650/2200,,2,,189,,70,,241,
"",,,,,,,,,,,,,,
"",213°,,,450/1500,,,,,,,,,,
"",,,,,,,,,,,,,,
"",,,,,,,,,,,,,,
"",,,,,,,,,,,,,,
"",067°,,22.6,,650/2200,,2,,210,,70,,233,
"",,,,,,,,,,,,,,
"",247°,,,450/1500,,,,,,,,,,
"",,,,,,,,,,,,,,
"",,,,,,,,,,,,,,
"",,,,,,,,,,,,,,
"",067°,,90.3,,650/2200,,2,,229,,80,,281,
"",,,,,,,,,,,,,,
"",247°,,,450/1500,,,,,,,,,,
"",,,,,,,,,,,,,,
"",,,,,,,,,,,,,,
"",,,,,,,,,,,,,,
"",082°,,27.5,,650/2200,,2,,283,,120,,320,
"",,,,,,,,,,,,,,
"",262°,,,450/1500,,,,,,,,,,
"",,,,,,,,,,,,,,
"",,,,,,,,,,,,,,
"",,,,,,,,,,,,,,
"",081°,,92.9,,650/2200,,2,,283,,70,,305,
"",,,,,,,,,,,,,,
"",262°,,,450/1500,,,,,,,,,,
"",,,,,,,,,,,,,,
"",,,,,,,,,,,,,,
"",,,,,,,,,,,,,,
"",078°,,54.3,,650/2200,,2,,289,,72,,312,
"",,,,,,,,,,,,,,
"",258°,,,450/1500,,,,,,,,,,
"",,,,,,,,,,,,,,
"",,,,,,,,,,,,,,
"",,,,,,,,,,,,,,
"",075°,,46.2,,650/2200,,2,,298,,95,,319,
"",,,,,,,,,,,,,,
"",256°,,,450/1500,,,,,,,,,,
"",,,,,,,,,,,,,,
"",,,,,,,,,,,,,,
"",,,,,,,,,,,,,,
"",083°,,13.9,,450/1500,,2,,263,,72,,296,
"",,,,,,,,,,,,,,
"",264°,,,400/1400,,,,,,,,,,
"",,,,,,,,,,,,,,
"",,,,,,,,,,,,,,
"",,,,,,,,,,,,,,
"",084°,,8.3,,450/1500,,2,,263,,72,,296,
"",,,,,,,,,,,,,,
"",264°,,,400/1400,,,,,,,,,,
"",,,,,,,,,,,,,,
"",,,,,,,,,,,,,,
"",,,,,,,,,,,,,,
"",084°,,6.0,,450/1500,,2,,263,,72,,296,
"",,,,,,,,,,,,,,
"",264°,,,400/1400,,,,,,,,,,
"",,,,,,,,,,,,,,
"",,,,,,,,,,,,,,
"",,,,,,,,,,,,,,
"",,,,,,,,,,,,,,
""
"",,,,,,,,,,,,,,,,,,
"",,
"",2,,3,,4,,5,,6,,7,,8,
"",,,,,,,,,,,,,,
"",,,,,,,,,,,,,,
"",,,,R 843,,,,,,,,,,
"",,,80.2 км,,,,,,,,,,,
"",,,,,,,,,,,,,,
"",,,,,,,,,,,,,,
"",,,,,,,,,,,,,,
"",,,,,,,,,,,,,,
"",055°,,60.6,,450/1500,,2,,186,,70,,258,
"",,,,,,,,,,,,,,
"",235°,,,350/1200,,,,,,,,,,
"",,,,,,,,,,,,,,
"",,,,,,,,,,,,,,
"",,,,,,,,,,,,,,
"",083°,,55.6,,450/1500,,2,,208,,90,,286,
"",,,,,,,,,,,,,,
"",264°,,,350/1200,,,,,,,,,,
"",,,,,,,,,,,,,,
"",,,,,,,,,,,,,,
"",,,,,,,,,,,,,,
"",092°,,50.6,,450/1500,,2,,225,,96,,272,
"",,,,,,,,,,,,,,
"",272°,,,350/1200,,,,,,,,,,
"",,,,,,,,,,,,,,
"",,,,,,,,,,,,,,
"",,,,,,,,,,,,,,
"",214°,,29.3,,650/2200,,2,,213,,,,213,
"",,,,,,,,,,,,,,
"",033°,,,350/1200,,,,,,,,,,
"",,,,,,,,,,,,,,
"",,,,,,,,,,,,,,
"",,,,,,,,,,,,,,
"",226°,,84.1,,650/2200,,2,,192,,90,,240,
"",,,,,,,,,,,,,,
"",045°,,,350/1200,,,,,,,,,,
"",,,,,,,,,,,,,,
"",,,,,,,,,,,,,,
"",,,,,,,,,,,,,,
""
"",,,,,,,,,,,,,,,,
"",,,,R 844,,,,,,,,,,,,
"",,,6.1 км,,,,,,,,,,,,,
"",,,,,,,,,,,,,,,,
"",,,,,,,,,,,,,,,,
"",,,,,,,,,,,,,,,,
"",,,,,,,,,,,,,,,,
"",,,132°,,16.1,,450/1500,,2,,186,,70,,258,
"",,,,,,,,,,,,,,,,
"",,,312°,,,350/1200,,,,,,,,,,
"",,,,,,,,,,,,,,,,
"",,,,,,,,,,,,,,,,
"",,,,,,,,,,,,,,,,
"",,,,,,,,,,,,,,,,
""
"",,,,,,,,,,,,,,
"",,,,R 845,,,,,,,,,,
"",,,8.6 км,,,,,,,,,,,
"",,,,,,,,,,,,,,
"",,,,,,,,,,,,,,
"",,,,,,,,,,,,,,
"",,,,,,,,,,,,,,
"",008°,,17.4,,650/2200,,2,,225,,60,,258,
"",,,,,,,,,,,,,,
"",188°,,,450/1500,,,,,,,,,,
"",,,,,,,,,,,,,,
"",,,,,,,,,,,,,,
"",,,,,,,,,,,,,,
"",083°,,53.3,,650/2200,,2,,239,,54,,206,
"",,,,,,,,,,,,,,
"",263°,,,450/1500,,,,,,,,,,
"",,,,,,,,,,,,,,
"",,,,,,,,,,,,,,
"",,,,,,,,,,,,,,
"",127°,,13.2,,650/2200,,2,,221,,70,,230,
"",,,,,,,,,,,,,,
"",307°,,,450/1500,,,,,,,,,,
"",,,,,,,,,,,,,,
"",,,,,,,,,,,,,,
"",,,,,,,,,,,,,,
"",141°,,14.7,,650/2200,,2,,261,,80,,310,
"",,,,,,,,,,,,,,
"",321°,,,450/1500,,,,,,,,,,
"",,,,,,,,,,,,,,
"",,,,,,,,,,,,,,
"",,,,,,,,,,,,,,
""
"",,
1,2,3,4,5,6,7,8,9
?KR 846,3.4 км,,,,,
??ABMIN,432307N 0395937E,,,,,
?,203°  0.8 300/1000,1,12,53,55,Sochi LCU
?,023° 100/400,,,,,FREQ: 118.500 MHz
??USIBI,432245N 0395920E,,,,,
?,158°  2.6 300/1000,1,12,53,55,Sochi LCU
?,338° 100/400,,,,,FREQ: 118.500 MHz
??ETIMA,432123N 0395950E,,,,,
?KR 847,56.9 км,,,,
??LANOR,540536N 0624042E,,,,
?,269°  23.0 1200/4000,4,192,192,Chelyabinsk APP
?,088° 350/1200,,,,"FREQ: 124.700 MHz, 4712 kHz"
??OGOPA,540800N 0622000E,,,,
?,281°  33.9 1200/4000,4,222,222,Chelyabinsk APP
?,100° 350/1200,,,,"FREQ: 124.700 MHz, 4712 kHz"
??TURUB,541514N 0615122E,,,,
?KR 849,25.3 км,,,,
??LANOR,540536N 0624042E,,,,
?,315°  25.3 1200/4000,4,196,196,Chelyabinsk APP
?,135° 350/1200,,,,"FREQ: 124.700 MHz , 4712 kHz"
??OKLUS,541710N 0622820E,,,,
"",2,,3,,4,,5,,6,,7,,8,
"",,,,,,,,,,,,,,
"",,,,,,,,,,,,,,
"",,,,R 905,,,,,,,,,,
"",,,.3 км,,,,,,,,,,,
"",,,,,,,,,,,,,,
"",,,,,,,,,,,,,,
"",,,,,,,,,,,,,,
"",,,,,,,,,,,,,,
"",292°,,7.3,,450/1500,,2,,194,,72,,198,
"",,,,,,,,,,,,,,
"",112°,,,400/1400,,,,,,,,,,
"",,,,,,,,,,,,,,
"",,,,,,,,,,,,,,
"",,,,,,,,,,,,,,
""
"",,,,,,,,,,,,,,
"",,,,R 906,,,,,,,,,,
"",,,9.3 км,,,,,,,,,,,
"",,,,,,,,,,,,,,
"",,,,,,,,,,,,,,
"",,,,,,,,,,,,,,
"",,,,,,,,,,,,,,
"",093°,,25.0,,450/1500,,2,,172,,130,,213,
"",,,,,,,,,,,,,,
"",274°,,,400/1400,,,,,,,,,,
"",,,,,,,,,,,,,,
"",,,,,,,,,,,,,,
"",,,,,,,,,,,,,,
"",084°,,4.3,,450/1500,,2,,150,,130,,280,
"",,,,,,,,,,,,,,
"",264°,,,400/1400,,,,,,,,,,
"",,,,,,,,,,,,,,
"",,,,,,,,,,,,,,
"",,,,,,,,,,,,,,
""
"",,,,,,,,,,,,,,
"",,R 907,,,,,,,,,,,,
"",,,,,,,,,,,,,,
"",,,5.3 км,,,,,,,,,,,
"",,,,,,,,,,,,,,
"",,,,,,,,,,,,,,
"",,,,,,,,,,,,,,
"",,,,,,,,,,,,,,
"",148°,,6.5,,350/1200,,2,,197,,,,197,
"",,,,,,,,,,,,,,
"",328°,,,300/1000,,,,,,,,,,
"",,,,,,,,,,,,,,
"",,,,,,,,,,,,,,
"",,,,,,,,,,,,,,
"",181°,,7.7,,350/1200,,2,,183,,,,183,
"",,,,,,,,,,,,,,
"",001°,,,300/1000,,,,,,,,,,
"",,,,,,,,,,,,,,
"",,,,,,,,,,,,,,
"",,,,,,,,,,,,,,
"",186°,,21.1,,350/1200,,2,,188,,72,,254,
"",,,,,,,,,,,,,,
"",006°,,,300/1000,,,,,,,,,,
"",,,,,,,,,,,,,,
"",,,,,,,,,,,,,,
"",,,,,,,,,,,,,,
""
""
"",,
1,2,3,4,5,6,7,8,9
?KR 908,134.4 км,,,,
??ESEBE,555000N 0372341E,,,,
?,253°  7.8 450/1500  2,207,85,280,Sheremetyevo TWR
"",FREQ: 119.300 MHz. 073° 400/1400,,,,
"",,,,,Диапазон разрешенных высот
"",,,,,по давлению QNH аэродрома
?,,,,,Москва/Шереметьево.
"",,,,,Cleared altitude band based upon
"",,,,,Moscow/Sheremetyevo AD QNH.
??Opalikha NDB (KS),554932N 0371616E,,,,
?,270°  22.9 450/1500  2,234,85,280,Sheremetyevo TWR
"",FREQ: 119.300 MHz. 089° 400/1400,,,,
"",,,,,Диапазон разрешенных высот
"",,,,,по давлению QNH аэродрома
?,,,,,Москва/Шереметьево.
"",,,,,Cleared altitude band based upon
"",,,,,Moscow/Sheremetyevo AD QNH.
Ivanovskoye NDB,555143N 0365440E,,,,
??,,,,,
(UM),,,,,
?,347°  14.7 400/1400  2,199,71,262,Sheremetyevo TWR
"",167° 400/1400,,,,FREQ: 119.300 MHz.
"",,,,,Диапазон разрешенных высот
"",,,,,по давлению QNH аэродрома
?,,,,,Москва/Шереметьево.
"",,,,,Cleared altitude band based upon
"",,,,,Moscow/Sheremetyevo AD QNH.
??DUFAR,555938N 0365409E,,,,
?,022°  15.0 400/1400  2,204,70,243,Sheremetyevo TWR
"",FREQ: 119.300 MHz. 202° 400/1400,,,,
"",,,,,Диапазон разрешенных высот
"",,,,,по давлению QNH аэродрома
?,,,,,Москва/Шереметьево.
"",,,,,Cleared altitude band based upon
"",,,,,Moscow/Sheremetyevo AD QNH.
??UPMOT,560626N 0370158E,,,,
?,056°  23.0 400/1400  2,209,72,283,Sheremetyevo TWR
"",FREQ: 119.300 MHz. 236° 400/1400,,,,
"",,,,,Диапазон разрешенных высот
"",,,,,по давлению QNH аэродрома
?,,,,,Москва/Шереметьево.
"",,,,,Cleared altitude band based upon
"",,,,,Moscow/Sheremetyevo AD QNH.
??DUBBO,561121N 0372224E,,,,
?,102°  27.3 350/1200  2,235,72,252,Sheremetyevo TWR
"",FREQ: 119.300 MHz. 282° 350/1200,,,,
"",,,,,Диапазон разрешенных высот
"",,,,,по давлению QNH аэродрома
?,,,,,Москва/Шереметьево.
"",,,,,Cleared altitude band based upon
"",,,,,Moscow/Sheremetyevo AD QNH.
??PASAU,560536N 0374642E,,,,
?,172°  7.7 350/1200  2,205,,205,Sheremetyevo TWR
"",353° 350/1200,,,,FREQ: 119.300 MHz.
"",,,,,Диапазон разрешенных высот
"",,,,,по давлению QNH аэродрома
?,,,,,Москва/Шереметьево.
"",,,,,Cleared altitude band based upon
"",,,,,Moscow/Sheremetyevo AD QNH.
??ERPIP,560128N 0374616E,,,,
?,171°  6.9 350/1200  2,201,,201,Sheremetyevo TWR
"",FREQ: 119.300 MHz. 351° 350/1200,,,,
"",,,,,Диапазон разрешенных высот
"",,,,,по давлению QNH аэродрома
?,,,,,Москва/Шереметьево.
"",,,,,Cleared altitude band based upon
"",,,,,Moscow/Sheremetyevo AD QNH.
1,2,3,4,5,6,7,8,9
KR 908,,,,
"",,,,
(continued),,,,
??IBKUL,555746N 0374603E,,,
?,210°  9.1 350/1200  2,185,185,Sheremetyevo TWR
"",FREQ: 119.300 MHz. 030° 350/1200,,,
"",,,,Диапазон разрешенных высот
"",,,,по давлению QNH аэродрома
?,,,,Москва/Шереметьево
"",,,,Cleared altitude band based upon
"",,,,Moscow/Sheremetyevo AD QNH.
Chelobityevo NDB,555402N 0374021E,,,
??,,,,
(BP),,,,
"",2,,3,,4,,5,,6,,7,,8,
"",,,,,,,,,,,,,,
"",,,,,,,,,,,,,,
"",,,,R 909,,,,,,,,,,
"",,,05.1 км,,,,,,,,,,,
"",,,,,,,,,,,,,,
"",,,,,,,,,,,,,,
"",,,,,,,,,,,,,,
"",,,,,,,,,,,,,,
"",,,,,450/1500,,2,,191,,70,,263,
"",,,,,,,,,,,,,,
"",,,,400/1400,,,,,,,,,,
"",,,,,,,,,,,,,,
"",,,,,,,,,,,,,,
"",,,,,,,,,,,,,,
"",,,,,450/1500,,2,,177,,71,,245,
"",,,,,,,,,,,,,,
"",,,,400/1400,,,,,,,,,,
"",,,,,,,,,,,,,,
"",,,,,,,,,,,,,,
"",,,,,,,,,,,,,,
"",,,,,450/1500,,2,,197,,97,,285,
"",,,,,,,,,,,,,,
"",,,,400/1400,,,,,,,,,,
"",,,,,,,,,,,,,,
"",,,,,,,,,,,,,,
"",,,,,,,,,,,,,,
"",,,,450/1500,,,,,,,,,,
"",,,,,,,,,,,,,,
"",,,,,,,,,,,,,,
"",,,,,,,,,,,,,,
""
"",450/1500,
"",,
"",,
"",,
""
""
""
""
""
""
""
""
""
""
""
""
""
""
""
""
"",,
1,2,3,4,5,6,7,8,9
KR 909,,,,
"",,,,
(continued),,,,
??IPIOS,553606N 0374511E,,,
?,450/1500  2,215,304,Domodedovo TWR
"",FREQ: 127.300 MHz.  450/1500,,,
"",,,,Двухстороннее движение.
"",,,,Bidirectional traffic.
"",,,,Полеты по МВЛ выполняются
"",,,,над МКАД.
"",,,,Flight operations via commuter
?,,,,routes shall be executed over
"",,,,MKAD (Moscow ring road).
"",,,,Диапазон разрешенных высот
"",,,,по давлению QNH аэродрома
"",,,,Москва/Домодедово.
"",,,,Cleared altitude band based upon
"",,,,Moscow/Domodedovo AD QNH.
??OKUSE,553430N 0373712E,,,
?,450/1500  1,263,120  324,Vnukovo TWR
"",FREQ: 122.300 MHz.  450/1500,,,
"",,,,Одностороннее движение по
"",,,,"часовой стрелке, против - по"
"",,,,согласованию с органом ОВД.
"",,,,Unidirectional traffic shall be per-
"",,,,"formed clockwise, counterclock-"
?,,,,wise - on co-ordination with ATS
"",,,,unit.
"",,,,Диапазон разрешенных высот по
"",,,,давлению QNH аэродрома
"",,,,Москва/Внуково.
"",,,,Cleared altitude band based upon
"",,,,Moscow/Vnukovo AD QNH.
??ULGIV,554012N 0372541E,,,
?,450/1500  1,220,71  248,Vnukovo TWR
"",FREQ: 122.300 MHz.  400/1400,,,
"",,,,Одностороннее движение по
"",,,,"часовой стрелке, против - по"
"",,,,согласованию с органом ОВД.
"",,,,Unidirectional traffic shall be per-
"",,,,"formed clockwise, counterclock-"
?,,,,wise - on co-ordination with ATS
"",,,,unit.
"",,,,Диапазон разрешенных высот
"",,,,по давлению QNH аэродрома
"",,,,Москва/Внуково.
"",,,,Cleared altitude band based upon
"",,,,Moscow/Vnukovo AD QNH.
??DUZZU,554336N 0372300E,,,
?,450/1500  1,,72  258,Sheremetyevo TWR
"",FREQ: 119.300 MHz.  400/1400,,,
"",,,,Одностороннее движение по
"",,,,"часовой стрелке, против - по"
"",,,,согласованию с органом ОВД.
"",,,,Unidirectional traffic shall be per-
"",,,,"formed clockwise, counterclock-"
?,,,,wise - on co-ordination with ATS
"",,,,unit.
"",,,,Диапазон разрешенных высот
"",,,,по давлению QNH аэродрома
"",,,,Москва/Шереметьево.
"",,,,Cleared altitude band based upon
"",,,,Moscow/Sheremetyevo AD QNH.
1,2,3,4,5,6,7,8,9
KR 909,,,,,
"",,,,,
(continued),,,,,
??LUTGE,554724N 0372211E,,,,
?,450/1500  2,143,50,223,Sheremetyevo TWR
"",FREQ: 119.300 MHz.  400/1400,,,,
"",,,,,Двухстороннее движение.
"",,,,,Bidirectional traffic.
"",,,,,Полеты по МВЛ выполняются
"",,,,,над МКАД.
"",,,,,Flight operations via commuter
?,,,,,routes shall be executed over
"",,,,,MKAD (Moscow ring road).
"",,,,,Диапазон разрешенных высот по
"",,,,,давлению QNH аэродрома
"",,,,,Москва/Шереметьево.
"",,,,,Cleared altitude band based upon
"",,,,,Moscow/Sheremetyevo AD QNH.
??UMDUS,554824N 0372311E,,,,
?,450/1500  2,173,70,243,Sheremetyevo TWR
"",FREQ: 119.300 MHz.  400/1400,,,,
"",,,,,Двухстороннее движение.
"",,,,,Bidirectional traffic.
"",,,,,Полеты по МВЛ выполняются
"",,,,,над МКАД.
"",,,,,Flight operations via commuter
?,,,,,routes shall be executed over
"",,,,,MKAD (Moscow ring road).
"",,,,,Диапазон разрешенных высот по
"",,,,,давлению QNH аэродрома
"",,,,,Москва/Шереметьево.
"",,,,,Cleared altitude band based upon
"",,,,,Moscow/Sheremetyevo AD QNH.
??ESEBE,555000N 0372341E,,,,
?,450/1500  2,188,81,257,Sheremetyevo TWR
"",FREQ: 119.300 MHz.  400/1400,,,,
"",,,,,Двухстороннее движение.
"",,,,,Bidirectional traffic.
"",,,,,Полеты по МВЛ выполняются
"",,,,,над МКАД.
"",,,,,Flight operations via commuter
?,,,,,routes shall be executed over
"",,,,,MKAD (Moscow ring road).
"",,,,,Диапазон разрешенных высот по
"",,,,,давлению QNH аэродрома
"",,,,,Москва/Шереметьево.
"",,,,,Cleared altitude band based upon
"",,,,,Moscow/Sheremetyevo AD QNH.
??SAGVE,555300N 0372753E,,,,
?,450/1500  2,198,117,295,Sheremetyevo TWR
"",400/1400,,,,FREQ: 119.300 MHz.
"",,,,,Двухстороннее движение.
"",,,,,Bidirectional traffic.
"",,,,,Полеты по МВЛ выполняются
"",,,,,над МКАД.
"",,,,,Flight operations via commuter
?,,,,,routes shall be executed over
"",,,,,MKAD (Moscow ring road).
"",,,,,Диапазон разрешенных высот по
"",,,,,давлению QNH аэродрома
"",,,,,Москва/Шереметьево.
"",,,,,Cleared altitude band based upon
"",,,,,Moscow/Sheremetyevo AD QNH.
1,2,3,4,5,6,7,8,9
KR 909,,,,,,
"",,,,,,
(continued),,,,,,
??EMBOG,555436N 0373429E,,,,,
?,450/1500,2,199,72,237,Sheremetyevo TWR
"",400/1400,,,,,FREQ: 119.300 MHz.
"",,,,,,Двухстороннее движение.
"",,,,,,Bidirectional traffic.
"",,,,,,Полеты по МВЛ выполняются
"",,,,,,над МКАД.
"",,,,,,Flight operations via commuter
?,,,,,,routes shall be executed over
"",,,,,,MKAD (Moscow ring road).
"",,,,,,Диапазон разрешенных высот по
"",,,,,,давлению QNH аэродрома
"",,,,,,Москва/Шереметьево.
"",,,,,,Cleared altitude band based upon
"",,,,,,Moscow/Sheremetyevo AD QNH.
Chelobityevo NDB,555402N 0374021E,,,,,
??,,,,,,
(BP),,,,,,
??IBDAD,561415N 0371953E,,,
?,143°  6.0 400/1400  2,275,273,Sheremetyevo TWR
"",FREQ: 119.300 MHz. 323° 400/1400,,,
"",,,,Диапазон разрешенных высот
"",,,,по давлению QNH аэродрома
?,,,,Москва/Шереметьево.
"",,,,Cleared altitude band based upon
"",,,,Moscow/Sheremetyevo AD QNH.
??DUBBO,561121N 0372224E,,,
??KETOL,614800N 0300500E,,,,,
?,096°  34.2 1200/4000,4,150,70,150,Petrozavodsk  LCU
?,276° 400/1400,,,,,FREQ: 131.000 MHz
??SORTA,614242N 0304215E,,,,,
?,086°  114.3 600/2000,4,102,80,225,Petrozavodsk  LCU
?,267° 400/1400,,,,,FREQ: 131.000 MHz
??IPTOM,613432N 0325029E,,,,,
"",(1),,,,,
?,060°  43.9 1200/4000,4,150,80,225,Petrozavodsk  LCU
"",,,,,,FREQ: 131.000 MHz
?,240° 600/2000,,,,,
??PRALA,614148N 0333745E,,,,,
"",(1),,,,,
?,040°  34.8 1200/4000,4,200,87,257,Petrozavodsk  LCU
"",,,,,,FREQ: 131.000 MHz
?,221° 600/2000,,,,,
??INDIL,615307N 0340917E,,,,,
1,2,3,4,5,6,7,8,9
